[{
  "_id": {
    "$oid": "6435a9615924ce22c80009fd"
  },
  "product_id": "ABC123",
  "stock_level": 50,
  "restock_threshold": 10,
  "last_restock_date": "2022-03-01",
  "warehouse_id": "WH001",
  "warehouse_type": "main",
  "warehouse_name": "Main Warehouse 1",
  "address": "123 Main St, Anytown, USA",
  "latitude": 37.7749,
  "longitude": -122.4194,
  "capacity": 1000,
  "current_stock_level": 650,
  "creation_date": "2022-02-01",
  "last_update": "2022-04-01",
  "is_active": true,
  "temperature_control": "20 degrees Celsius",
  "humidity_control": "50%",
  "temperature_control_fridge": "-5 degrees Celsius",
  "humidity_control_fridge": "40%",
  "temperature_control_freezer": "-20 degrees Celsius",
  "humidity_control_freezer": "30%",
  "incident_log": [],
  "restock_lead_time": "2 days"
}]