[{
  "_id": {
    "$oid": "6434526e5924ce22c80009e3"
  },
  "fridge_Order_id": "12365",
  "fridge_purchased": false,
  "fridge_purchase_date": "2022-01-01",
  "fridge_warranty_enddate": "2024-01-01",
  "fridge_longatuide": "123.456",
  "fridge_latitude": "12.345",
  "fridge_user_map_pin_lon": "123.456",
  "fridge_user_map_pin_lat": "12.345",
  "ip_address": "192.168.0.1",
  "fridge_id": "fridge-123",
  "fridge_credits": 100,
  "user_id": "user-123",
  "language": "English",
  "country": "USA",
  "first_name": "Kendrick",
  "last_name": "Lamar",
  "email": "destiny@example.com",
  "password": "mysecretpassword",
  "phone_number": "1234567890",
  "house_type": "Apartment",
  "address": "123 Main St, Anytown USA",
  "registration_date": "2022-01-01",
  "profile_image": "https://example.com/profiles/johndoe.jpg",
  "payment_method": "card",
  "payment_details": "encrypted payment details"
},{
  "_id": {
    "$oid": "643566175924ce22c80009ef"
  },
  "fridge_Order_id": "12365",
  "fridge_purchased": false,
  "fridge_purchase_date": "2022-01-01",
  "fridge_warranty_enddate": "2024-01-01",
  "fridge_longatuide": "123.456",
  "fridge_latitude": "12.345",
  "fridge_user_map_pin_lon": "123.456",
  "fridge_user_map_pin_lat": "12.345",
  "ip_address": "192.168.0.1",
  "fridge_id": "fridge-123",
  "fridge_credits": 100,
  "user_id": "user-123",
  "language": "English",
  "country": "USA",
  "first_name": "Kendrick",
  "last_name": "Lamar",
  "email": "destiny@example.com",
  "password": "mysecretpassword",
  "phone_number": "1234567890",
  "house_type": "Apartment",
  "address": "123 Main St, Anytown USA",
  "registration_date": "2022-01-01",
  "profile_image": "https://example.com/profiles/johndoe.jpg",
  "payment_method": "card",
  "payment_details": "encrypted payment details"
},{
  "_id": {
    "$oid": "643566655924ce22c80009f0"
  },
  "fridge_Order_id": "12365",
  "fridge_purchased": false,
  "fridge_purchase_date": "2022-01-01",
  "fridge_warranty_enddate": "2024-01-01",
  "fridge_longatuide": "123.456",
  "fridge_latitude": "12.345",
  "fridge_user_map_pin_lon": "123.456",
  "fridge_user_map_pin_lat": "12.345",
  "ip_address": "192.168.0.1",
  "fridge_id": "fridge-123",
  "fridge_credits": 100,
  "user_id": "user-123",
  "language": "English",
  "country": "USA",
  "first_name": "Kendrick",
  "last_name": "Lamar",
  "email": "destiny@example.com",
  "password": "mysecretpassword",
  "phone_number": "1234567890",
  "house_type": "Apartment",
  "address": "123 Main St, Anytown USA",
  "registration_date": "2022-01-01",
  "profile_image": "https://example.com/profiles/johndoe.jpg",
  "payment_method": "card",
  "payment_details": "encrypted payment details"
},{
  "_id": {
    "$oid": "643567a45924ce22c80009f1"
  },
  "fridge_Order_id": "12365",
  "fridge_purchased": false,
  "fridge_purchase_date": "2022-01-01",
  "fridge_warranty_enddate": "2024-01-01",
  "fridge_longatuide": "123.456",
  "fridge_latitude": "12.345",
  "fridge_user_map_pin_lon": "123.456",
  "fridge_user_map_pin_lat": "12.345",
  "ip_address": "192.168.0.1",
  "fridge_id": "fridge-123",
  "fridge_credits": 100,
  "user_id": "user-123",
  "language": "English",
  "country": "USA",
  "first_name": "Kendrick",
  "last_name": "Lamar",
  "email": "destiny@example.com",
  "password": "mysecretpassword",
  "phone_number": "1234567890",
  "house_type": "Apartment",
  "address": "123 Main St, Anytown USA",
  "registration_date": "2022-01-01",
  "profile_image": "https://example.com/profiles/johndoe.jpg",
  "payment_method": "card",
  "payment_details": "encrypted payment details"
},{
  "_id": {
    "$oid": "6435681b5924ce22c80009f2"
  },
  "fridge_Order_id": "12365",
  "fridge_purchased": false,
  "fridge_purchase_date": "2022-01-01",
  "fridge_warranty_enddate": "2024-01-01",
  "fridge_longatuide": "123.456",
  "fridge_latitude": "12.345",
  "fridge_user_map_pin_lon": "123.456",
  "fridge_user_map_pin_lat": "12.345",
  "ip_address": "192.168.0.1",
  "fridge_id": "fridge-123",
  "fridge_credits": 100,
  "user_id": "user-123",
  "language": "English",
  "country": "USA",
  "first_name": "Kendrick",
  "last_name": "Lamar",
  "email": "destiny@example.com",
  "password": "mysecretpassword",
  "phone_number": "1234567890",
  "house_type": "Apartment",
  "address": "123 Main St, Anytown USA",
  "registration_date": "2022-01-01",
  "profile_image": "https://example.com/profiles/johndoe.jpg",
  "payment_method": "card",
  "payment_details": "encrypted payment details"
},{
  "_id": {
    "$oid": "64356d675924ce22c80009f3"
  },
  "InsuranceCompanies": {
    "Top Insurance Companies": [
      {
        "No": "1",
        "Name": "Berkshire Hathaway ( BRK.A)",
        "Market Capitalization": "$308 billion"
      }
    ],
    "source": "investopedia.com",
    "Time": "Feb 2019"
  }
},{
  "_id": {
    "$oid": "64356e935924ce22c80009f4"
  },
  "fridge_Order_id": "12365",
  "fridge_purchased": false,
  "fridge_purchase_date": "2022-01-01",
  "fridge_warranty_enddate": "2024-01-01",
  "fridge_longatuide": "123.456",
  "fridge_latitude": "12.345",
  "fridge_user_map_pin_lon": "123.456",
  "fridge_user_map_pin_lat": "12.345",
  "ip_address": "192.168.0.1",
  "fridge_id": "fridge-123",
  "fridge_credits": 100,
  "user_id": "user-123",
  "language": "English",
  "country": "USA",
  "first_name": "Kendrick",
  "last_name": "Lamar",
  "email": "destiny@example.com",
  "password": "mysecretpassword",
  "phone_number": "1234567890",
  "house_type": "Apartment",
  "address": "123 Main St, Anytown USA",
  "registration_date": "2022-01-01",
  "profile_image": "https://example.com/profiles/johndoe.jpg",
  "payment_method": "card",
  "payment_details": "encrypted payment details"
},{
  "_id": {
    "$oid": "64356ee35924ce22c80009f5"
  },
  "fridge_Order_id": "12365",
  "fridge_purchased": false,
  "fridge_purchase_date": "2022-01-01",
  "fridge_warranty_enddate": "2024-01-01",
  "fridge_longatuide": "123.456",
  "fridge_latitude": "12.345",
  "fridge_user_map_pin_lon": "123.456",
  "fridge_user_map_pin_lat": "12.345",
  "ip_address": "192.168.0.1",
  "fridge_id": "fridge-123",
  "fridge_credits": 100,
  "user_id": "user-123",
  "language": "English",
  "country": "USA",
  "first_name": "Kendrick",
  "last_name": "Lamar",
  "email": "destiny@example.com",
  "password": "mysecretpassword",
  "phone_number": "1234567890",
  "house_type": "Apartment",
  "address": "123 Main St, Anytown USA",
  "registration_date": "2022-01-01",
  "profile_image": "https://example.com/profiles/johndoe.jpg",
  "payment_method": "card",
  "payment_details": "encrypted payment details"
}]